dataset,category,f2,accuracy,precision,recall,f1,balanced_accuracy,image_auroc,pixel_auroc,average_precision,false_accept_rate,false_reject_rate,latency_ms,confusion_matrix
mvtec_ad,bottle,0.967741935483871,0.9696969696969697,1.0,0.96,0.9795918367346939,0.98,1.0,0.9833250124213994,1.0,0.04,0.0,119.32553842482527,"[[16, 0], [2, 48]]"
mvtec_ad,cable,0.9016393442622951,0.9,0.9428571428571428,0.8918918918918919,0.9166666666666666,0.9024676850763806,0.9717978848413631,0.9739840969239029,0.9843276598643886,0.10810810810810811,0.08695652173913043,125.7716947828764,"[[42, 4], [8, 66]]"
mvtec_ad,capsule,0.9908883826879271,0.9619047619047619,0.9560439560439561,1.0,0.9775280898876404,0.8888888888888888,0.9802043422733078,0.9897174159365294,0.9951140549806062,0.0,0.2222222222222222,164.702219457069,"[[14, 4], [0, 87]]"
mvtec_ad,metal_nut,0.9973045822102425,0.9891304347826086,0.9866666666666667,1.0,0.9932885906040269,0.9722222222222222,1.0,0.9851438604139485,0.9999999999999999,0.0,0.05555555555555555,91.37383830444458,"[[17, 1], [0, 74]]"
mvtec_ad,screw,0.906183368869936,0.890625,0.9550561797752809,0.8947368421052632,0.9239130434782609,0.886762360446571,0.9620414673046251,0.9887596790210851,0.9858439743191807,0.10526315789473684,0.12121212121212122,148.88748728884593,"[[29, 4], [10, 85]]"
mvtec_ad,transistor,0.9177215189873418,0.95,0.9666666666666667,0.90625,0.9354838709677419,0.9427083333333333,0.9752604166666666,0.8960479255575239,0.9793275312606432,0.09375,0.020833333333333332,170.08604008815382,"[[47, 1], [3, 29]]"
mvtec_ad2,sheet_metal,0.9333333333333333,0.7912087912087912,0.8045977011494253,0.9722222222222222,0.8805031446540881,0.5387426900584795,0.7390350877192983,0.8250097810200078,0.9251852361962923,0.027777777777777776,0.8947368421052632,202.43853533003738,"[[2, 17], [2, 70]]"
mvtec_ad2,vial,0.8373205741626795,0.7678571428571429,0.8536585365853658,0.8333333333333334,0.8433734939759037,0.7023809523809523,0.7967687074829932,0.9439626119348338,0.9112052572182542,0.16666666666666666,0.42857142857142855,189.0425371609256,"[[16, 12], [14, 70]]"
mvtec_ad2,wallplugs,0.8560794044665012,0.5916666666666667,0.6,0.9583333333333334,0.7379679144385026,0.5,0.44386574074074076,0.5,0.5505775040085465,0.041666666666666664,0.9583333333333334,422.5838952161818,"[[2, 46], [3, 69]]"
mvtec_loco,screw_bag,0.8439490445859873,0.6373626373626373,0.6570247933884298,0.9085714285714286,0.762589928057554,0.5308163265306123,0.6738775510204081,0.7115034555654479,0.7822024345830955,0.09142857142857143,0.8469387755102041,295.01187450169533,"[[15, 83], [16, 159]]"
mvtec_3d_ad,cable_gland,0.938375350140056,0.8505747126436781,0.8701298701298701,0.9571428571428572,0.9115646258503401,0.684453781512605,0.8647058823529412,0.9838869348238952,0.9548134925036234,0.04285714285714286,0.5882352941176471,33.50913416073743,"[[7, 10], [3, 67]]"
mvtec_3d_ad,dowel,0.9564164648910412,0.9423076923076923,0.9753086419753086,0.9518072289156626,0.9634146341463414,0.9282845668387837,0.9845094664371773,0.9933730221773528,0.9964471337353695,0.04819277108433735,0.09523809523809523,18.62238860611307,"[[19, 2], [4, 79]]"
mvtec_3d_ad,tire,0.875,0.7333333333333333,0.7875,0.9,0.84,0.525,0.7435714285714285,0.9810572289843373,0.9096955222638548,0.1,0.85,88.41483012203955,"[[3, 17], [7, 63]]"
mvtec_ad2,can,0.7425742574257426,0.47692307692307695,0.5172413793103449,0.8333333333333334,0.6382978723404256,0.4339080459770115,0.46599616858237547,0.5841776580671201,0.5693115974024288,0.16666666666666666,0.9655172413793104,128.8509843000681,"[[2, 56], [12, 60]]"
mvtec_loco,breakfast_box,0.8942558746736292,0.6454545454545455,0.6401869158878505,0.9927536231884058,0.7784090909090909,0.5268646164722517,0.8319194061505832,0.9150525218099792,0.9143129671352119,0.007246376811594203,0.9390243902439024,91.7167471364585,"[[5, 77], [1, 137]]"
mvtec_loco,splicing_connectors,0.8778173190984578,0.6586345381526104,0.6519823788546255,0.961038961038961,0.7769028871391076,0.56473000683527,0.8190020505809981,0.7232628096776728,0.8987729915394076,0.03896103896103896,0.8315789473684211,70.86801742154209,"[[16, 79], [6, 148]]"
